,0
0,20220412_16_19_23.wav
1,20220412_16_19_26.wav
2,20220412_16_19_29.wav
3,20220412_21_02_46.wav
4,20220412_21_02_49.wav
5,20220412_21_02_52.wav
6,20220412_23_27_00.wav
7,20220412_23_27_03.wav
8,20220412_23_27_06.wav
9,20220413_04_58_14.wav
10,20220413_04_58_17.wav
11,20220413_04_58_20.wav
12,20220509_16_10_21.wav
13,20220509_16_26_46.wav
14,20220509_17_19_45.wav
15,20220509_17_27_21.wav
16,20220509_17_31_33.wav
17,20220509_21_05_12.wav
18,20220509_21_10_26.wav
19,20220509_21_21_10.wav
20,20220509_23_27_52.wav
21,20220509_23_39_16.wav
22,20220510_00_13_34.wav
23,20220510_00_13_37.wav
24,20220510_00_13_40.wav
25,20220510_00_13_43.wav
26,20220510_00_13_46.wav
27,20220510_00_13_49.wav
28,20220510_00_13_52.wav
29,20220510_00_13_55.wav
30,20220510_00_13_58.wav
31,20220510_02_18_19.wav
32,20220510_02_27_09.wav
33,20220510_05_30_45.wav
34,20220510_05_42_01.wav
35,20220510_05_48_54.wav
36,20220510_07_11_17.wav
37,20220510_07_11_33.wav
38,20220510_07_12_53.wav
39,20220510_07_12_56.wav
40,20220510_07_12_59.wav
41,20220510_07_13_02.wav
42,20220510_07_13_05.wav
43,20220510_07_13_08.wav
44,20220510_07_13_11.wav
45,20220510_07_13_14.wav
46,20220510_09_27_58.wav
47,20220510_09_28_01.wav
48,20220510_09_28_04.wav
49,20220510_09_28_07.wav
50,20220510_09_28_10.wav
51,20220510_09_28_13.wav
52,20220510_09_28_16.wav
53,20220510_09_28_19.wav
54,20220510_09_28_22.wav
